{"cameraMode":{"drawMode":0,"name":"Shaded","section":"Shading Mode"},"sceneLighting":true,"audioPlay":false,"sceneViewState":{"showFog":true,"showMaterialUpdate":false,"showSkybox":true,"showFlares":true,"showImageEffects":true,"showParticleSystems":true},"in2DMode":false,"pivot":{"x":2.480539321899414,"y":-0.6640129089355469,"z":-7.945579528808594},"rotation":{"x":-0.23175880312919618,"y":0.6940183043479919,"z":-0.2543832063674927,"w":-0.6323889493942261},"size":55.14667892456055,"orthographic":false}